month,model_score,reference_score
2024-01,0.0,-0.2962962962962963
2024-07,0.15384615384615385,-0.1666666666666666
2024-10,-0.2,-0.2941176470588235
