month,model_score,reference_score
2023-03,-0.2222222222222222,0.0131004366812227
