month,model_score,reference_score
2023-03,-0.03571428571428571,0.0131004366812227
